title,author,isbn,openLibraryId,url
"#Girlboss","Sophia Amoruso","","OL26283758W","https://openlibrary.org/works/OL26283758W"
"102 Minutes: The Untold Story of the Fight to Survive Inside the Twin Towers","Jim  Dwyer","0805080325","",""
"12 Rules for Life: An Antidote to Chaos","Jordan B. Peterson","0345816021","",""
"2 B R 0 2 B","Kurt Vonnegut Jr.","","OL39697982W","https://openlibrary.org/works/OL39697982W"
"2092 (The Chronos Files)","Rysa Walker","","",""
"96 Words for Love","Rachel  Roy","0316477788","",""
"A Beautifully Foolish Endeavor","Hank Green","","OL20876521W","https://openlibrary.org/works/OL20876521W"
"A Calamity of Souls","David Baldacci","1538765020","",""
"A Confession","Bogdan Baran","1598184717","",""
"A Court of Frost and Starlight","Sarah J. Maas","","OL19655889W","https://openlibrary.org/works/OL19655889W"
"A Court of Mist and Fury","Sarah J. Maas","","OL17860744W","https://openlibrary.org/works/OL17860744W"
"A Court of Thorns and Roses","Sarah J. Maas","","OL17352669W","https://openlibrary.org/works/OL17352669W"
"A Court of Wings and Ruin","Sarah J. Maas","1408857901","",""
"A Demon Bound","Debra Dunbar","","OL19347438W","https://openlibrary.org/works/OL19347438W"
"A Discovery of Witches","Deborah Harkness","0670022411","",""
"A Dowry of Blood","S.T. Gibson","0316501077","",""
"A Farewell to Arms","Ernest Hemingway","0099910101","",""
"A Fine Balance","Rohinton Mistry","","OL2980902W","https://openlibrary.org/works/OL2980902W"
"A Limited Run","Karen McQuestion","1736788868","",""
"A Local Habitation","Seanan McGuire","0756405963","",""
"A Man Called Ove","Henning Koch","1476738017","",""
"A March of Kings","Morgan Rice","1939416051","",""
"A Midsummer Night’s Dream","Barbara A. Mowat","0743477545","",""
"A Month of Sundays","Liz Byrski","1743534949","OL20846984W","https://openlibrary.org/works/OL20846984W"
"A Mother's Reckoning: Living in the Aftermath of Tragedy","Sue Klebold","1101902760","",""
"A Perfect Blood","Kim Harrison","0061957895","",""
"A Portrait of the Artist as a Young Man","James Joyce","0142437344","",""
"A Prayer for Owen Meany","John Irving","0552135399","",""
"A Predator and A Psychopath","Jay Kerk","","OL29983080W","https://openlibrary.org/works/OL29983080W"
"A Quest of Heroes","Morgan Rice","","OL17046858W","https://openlibrary.org/works/OL17046858W"
"A Second Chance","Shayne Parkinson","1452303878","OL20901146W","https://openlibrary.org/works/OL20901146W"
"A Separate Peace","John Knowles","","OL4324502W","https://openlibrary.org/works/OL4324502W"
"A Stranger on the Beach","Michele Campbell","1250202531","",""
"A Talent for Murder","Peter  Swanson","0063205033","",""
"A Tip for the Hangman","Allison Epstein","0385546718","",""
"A Torch Against the Night","Sabaa Tahir","","OL20033776W","https://openlibrary.org/works/OL20033776W"
"A Twist in the Tale","Jeffrey Archer","0312933525","",""
"A Woman of No Importance: The Untold Story of the American Spy Who Helped Win World War II","Sonia Purnell","","",""
"A Year in the Life of Leah Brand","Lucinda E. Clarke","","",""
"A ​Court of Silver Flames","Sarah J. Maas","1526602318","OL21703979W","https://openlibrary.org/works/OL21703979W"
"About the Night","Anat Talshir","1503991032","OL20922739W","https://openlibrary.org/works/OL20922739W"
"Absolution","Alice McDermott","0374610487","",""
"Across Both Sides of the Mirror","Bianca Pensy Aba","","",""
"Act of Mercy","Mandy M. Roth","","OL19920947W","https://openlibrary.org/works/OL19920947W"
"Acts of Violet","Margarita Montimore","1250815061","",""
"Addiction and Grace: Exploring the Psychology of Addiction, the Power of Spirituality, and the Path to Freedom Through Contemplative Practices","Gerald G. May","0061122432","",""
"Adnan's Story: The Search for Truth and Justice After Serial","Rabia Chaudry","1250087112","",""
"Adults","Emma Jane Unsworth","0008334595","OL20745344W","https://openlibrary.org/works/OL20745344W"
"After All I've Done","Mina Hardy","","OL21902936W","https://openlibrary.org/works/OL21902936W"
"After Anna","Lisa Scottoline","","OL19732576W","https://openlibrary.org/works/OL19732576W"
"Agnes at the End of the World","Kelly McWilliams","0316487333","",""
"Alas, Babylon","Pat Frank","0060741872","OL2003035W","https://openlibrary.org/works/OL2003035W"
"Albert Einstein: Father Of The Modern Scientific Age","Michael W. Simmons","","",""
"Alice’s Adventures in Wonderland / Through the Looking-Glass","Lewis Carroll","","OL151411W","https://openlibrary.org/works/OL151411W"
"Alive: The Story of the Andes Survivors","Piers Paul Read","","",""
"All These Beautiful Strangers","Elizabeth Klehfoth","","OL19746420W","https://openlibrary.org/works/OL19746420W"
"All These Bodies","Kendare Blake","0062977164","",""
"All This I Will Give to You","Dolores Redondo","1503956229","OL20572704W","https://openlibrary.org/works/OL20572704W"
"All the Colors of the Dark","Chris  Whitaker","0593798872","",""
"All the Missing Girls","Megan Miranda","","OL20060401W","https://openlibrary.org/works/OL20060401W"
"All the Stars in the Sky","Sarah Lyons Fleming","","OL34965795W","https://openlibrary.org/works/OL34965795W"
"Altered","Rob Kaufman","","OL29205945W","https://openlibrary.org/works/OL29205945W"
"American Demon","Kim Harrison","0593101413","",""
"American Dirt","Jeanine Cummins","","OL20639181W","https://openlibrary.org/works/OL20639181W"
"American Gods: Tenth Anniversary","Neil Gaiman","","",""
"American Idolatry: How Christian Nationalism Betrays the Gospel and Threatens the Church","Andrew L. Whitehead","1587435764","",""
"American Predator: The Hunt for the Most Meticulous Serial Killer of the 21st Century","Maureen Callahan","","",""
"An Absolutely Remarkable Thing","Hank Green","1524743453","",""
"An American Princess: The Many Lives of Allene Tew","Annejet van der Zijl","1542099749","",""
"An Echo in the Bone","Diana Gabaldon","0752898477","",""
"An Ember in the Ashes","Sabaa Tahir","","OL17786115W","https://openlibrary.org/works/OL17786115W"
"An Ocean of Minutes","Thea Lim","","OL20138998W","https://openlibrary.org/works/OL20138998W"
"Anatomy: A Love Story","Dana Schwartz","","",""
"And After","Sarah Lyons Fleming","","OL27290797W","https://openlibrary.org/works/OL27290797W"
"And Then She Was Gone","Christopher Greyson","1683990013","OL25291862W","https://openlibrary.org/works/OL25291862W"
"And the Mountains Echoed","Khaled Hosseini","","OL16804912W","https://openlibrary.org/works/OL16804912W"
"Angel of Chaos","Debra Dunbar","","OL26602757W","https://openlibrary.org/works/OL26602757W"
"Angelfall","Susan Ee","1611094259","",""
"Angry Betty","Jamie Lee Scott","1942245254","OL24719398W","https://openlibrary.org/works/OL24719398W"
"Animal Farm","Ann Patchett","","",""
"Anxious People","Fredrik Backman","","OL20793817W","https://openlibrary.org/works/OL20793817W"
"Apeirogon","Colum McCann","","OL22163654W","https://openlibrary.org/works/OL22163654W"
"Are You There God? It’s Me, Margaret","Judy Blume","0689841582","",""
"Arianna Rose","Jennifer Martucci","","OL20343565W","https://openlibrary.org/works/OL20343565W"
"Ask Again, Yes","Mary Beth Keane","1982106980","",""
"Assuming Names: A Con Artist's Masquerade","Tanya Thompson","1311789782","",""
"At Night We Walk in Circles","Daniel Alarcón","1594631719","",""
"At the End of Every Day","Arianna  Reiche","1668007940","",""
"Atlas Shrugged","Ayn Rand","0452011876","",""
"Atonement","Ian McEwan","","OL1855944W","https://openlibrary.org/works/OL1855944W"
"Awake at Dawn","C.C. Hunter","0312624689","",""
"Awakening","Cate Tiernan","0142300454","",""
"Baby Teeth","Zoje Stage","1250170753","OL19763915W","https://openlibrary.org/works/OL19763915W"
"Bad Blood: Secrets and Lies in a Silicon Valley Startup","John Carreyrou","","OL27695113W","https://openlibrary.org/works/OL27695113W"
"Be the Girl","K.A. Tucker","","OL34559409W","https://openlibrary.org/works/OL34559409W"
"Beach Read","Emily Henry","1984806734","",""
"Beartown","Neil Smith","","",""
"Because of Winn-Dixie","Kate DiCamillo","0763616052","",""
"Becoming","Michelle Obama","1524763136","",""
"Becoming Free Indeed: My Story of Disentangling Faith from Fear","Jinger Duggar Vuolo","","",""
"Before I Fall","Lauren Oliver","0061726818","",""
"Before We Were Innocent","Ella Berman","","OL28732666W","https://openlibrary.org/works/OL28732666W"
"Before, During, After","Richard Bausch","0307266265","",""
"Behind Closed Doors","B.A. Paris","1250121000","",""
"Being Mortal: Medicine and What Matters in the End","Atul Gawande","0805095152","",""
"Belle Cora","Phillip Margulies","0385532768","",""
"Beowulf","Unknown","0393320979","OL38944809W","https://openlibrary.org/works/OL38944809W"
"Better the Blood","Michael  Bennett","0802160603","",""
"Between Cases","W.R. Gingell","","",""
"Between Decisions","W.R. Gingell","","",""
"Between Family","W.R. Gingell","","",""
"Between Floors","W.R. Gingell","","OL24635786W","https://openlibrary.org/works/OL24635786W"
"Between Frames","W.R. Gingell","","",""
"Between Homes","W.R. Gingell","","",""
"Between Jobs","W.R. Gingell","","",""
"Between Kings","W.R. Gingell","","",""
"Between Shifts","W.R. Gingell","","OL33037640W","https://openlibrary.org/works/OL33037640W"
"Between Walls","W.R. Gingell","","",""
"Between You and Me","Lisa    Hall","0008181233","",""
"Beyond the Wand: The Magic & Mayhem of Growing Up a Wizard","Tom Felton","1538741369","",""
"Big Little Lies","Liane Moriarty","0399167064","",""
"Bitter Spirits","Jenn Bennett","0425269574","",""
"Black Magic Sanction","Kim Harrison","0061138037","",""
"Bless Your Heart","Kimbra Swain","","OL20213321W","https://openlibrary.org/works/OL20213321W"
"Blood Bound","Patricia Briggs","0441014739","",""
"Blood Cross","Faith Hunter","0451463072","",""
"Blood Heir","Amélie Wen Zhao","0525707794","",""
"Blood Sugar","Sascha Rothchild","0593331540","",""
"Bloodline Gypsy","Shirley Martin","","OL30253981W","https://openlibrary.org/works/OL30253981W"
"Bloodline Gypsy: Jook and Gypsies","Shirley A. Martin","","",""
"Blue Lily, Lily Blue","Maggie Stiefvater","0545424968","",""
"Bone Crossed","Patricia Briggs","1841496863","",""
"Born of Fire","Sherrilyn Kenyon","0749908785","",""
"Born of Night","Sherrilyn Kenyon","1429959908","OL16076186W","https://openlibrary.org/works/OL16076186W"
"Bossypants","Tina Fey","","OL15703704W","https://openlibrary.org/works/OL15703704W"
"Bread and Jam for Frances (Frances the Badger)","Russell Hoban","0064430960","",""
"Breaking Dawn","Stephenie Meyer","","OL5720022W","https://openlibrary.org/works/OL5720022W"
"Bridge to Terabithia","Katherine Paterson","0439366771","",""
"Bright We Burn","Kiersten White","0553522418","OL19748557W","https://openlibrary.org/works/OL19748557W"
"Brisingr","Christopher Paolini","0375826726","",""
"Brooke Shields Is Not Allowed to Get Old: Thoughts on Aging as a Woman","Brooke Shields","","",""
"Bullet","Laurell K. Hamilton","0425234339","",""
"Burying Water","K.A. Tucker","1476774188","",""
"But Not the Hippopotamus","Sandra Boynton","0671449044","",""
"By Any Other Name","Jodi Picoult","","OL37569397W","https://openlibrary.org/works/OL37569397W"
"Caraval","Stephanie Garber","1250095255","",""
"Carry On, Warrior: Thoughts on Life Unarmed","Glennon Doyle","1451697244","",""
"Case Study","Graeme Macrae Burnet","1913393194","",""
"Caste: The Origins of Our Discontents","Isabel Wilkerson","0593230256","",""
"Cat Person","Kristen Roupenian","","OL20559430W","https://openlibrary.org/works/OL20559430W"
"Catching Fire","Suzanne Collins","0439023491","",""
"Catherine the Great: Portrait of a Woman","Robert K. Massie","0679456724","",""
"Celine","Peter Heller","1524751065","",""
"Chaos Walking: A Trilogy","Patrick Ness","1406334332","",""
"Chaos: Charles Manson, the CIA, and the Secret History of the Sixties","Tom O'Neill","0316477575","",""
"Charlotte’s Web","Garth Williams","0064410935","",""
"Chasing Harry Winston","Lauren Weisberger","0743290119","",""
"ChatGPT for Nonfiction Authors: How to Use ChatGPT to Write Better, Faster, and More Effectively (Tips that help you generate ideas, research topics, and maximize your productivity; GPT-4.5 Update)","Hassan Osman","","",""
"Children of Blood and Bone","Tomi Adeyemi","1250170982","",""
"Children of the Night: A Novel","T.C Paul","","",""
"Choosing Civility","P.M. Forni","0312302509","",""
"Chosen","Denise Grover Swank","1463692463","",""
"Cinder","Marissa Meyer","0312641893","",""
"Circe","Madeline Miller","0316556343","",""
"Citizen Hearst: A Biography of William Randolph Hearst","W.A. Swanberg","0883659700","",""
"City of Fallen Angels","Cassandra Clare","1442403543","",""
"Clade","James  Bradley","","OL21095792W","https://openlibrary.org/works/OL21095792W"
"Clockwise","Elle Strauss","0987807838","OL24326082W","https://openlibrary.org/works/OL24326082W"
"Clockwiser","Elle Strauss","0987807862","OL24326082W","https://openlibrary.org/works/OL24326082W"
"Closer Home","Kerry Anne King","","OL20249649W","https://openlibrary.org/works/OL20249649W"
"Columbine","Dave Cullen","0446546933","",""
"Conditional Citizens: On Belonging in America","Laila Lalami","1524747165","",""
"Confessions on the 7:45","Lisa Unger","0778310159","",""
"Conversations with God","Neale Donald Walsch","0399142789","",""
"Crank","Ellen Hopkins","0689865198","",""
"Crimes Against Magic","Steve McHugh","","OL22057696W","https://openlibrary.org/works/OL22057696W"
"Crooked Kingdom","Leigh Bardugo","","OL17597665W","https://openlibrary.org/works/OL17597665W"
"Cry Wolf","Patricia Briggs","0441016154","",""
"Cry, the Beloved Country","Alan Paton","","OL2384132W","https://openlibrary.org/works/OL2384132W"
"Cue the Sun! The Invention of Reality TV","Emily Nussbaum","0525508996","",""
"Curious George","H.A. Rey","","OL8217475W","https://openlibrary.org/works/OL8217475W"
"Curse of the Narrows","Laura Mac Donald","0002007878","",""
"Cut and Thirst","Margaret Atwood","1662523335","",""
"CyberStorm","Matthew Mather","0991677196","",""
"Daily Self-Discipline: Everyday Habits and Exercises to Build Self-Discipline and Achieve Your Goals","Martin Meadows","","",""
"Daisy Jones & The Six","Taylor Jenkins Reid","1524798622","",""
"Daisy's War","Shayne Parkinson","1476353743","OL25847153W","https://openlibrary.org/works/OL25847153W"
"Dandelion Iron","Aaron Michael Ritchey","1614753504","OL20231506W","https://openlibrary.org/works/OL20231506W"
"Dandelion Wine","Ray Bradbury","0671037706","",""
"Dark Genesis","A.D. Koboah","","",""
"Dark Hunt","Kim  Richardson","","OL20862363W","https://openlibrary.org/works/OL20862363W"
"Dark Magick","Cate Tiernan","0141311126","",""
"Dark Possession","Christine Feehan","0425217094","",""
"Dark Stranger: The Dream","I.T. Lucas","","",""
"Dark Tide","Stephen Puleo","0807050210","",""
"Darkdawn","Jay Kristoff","","OL20261819W","https://openlibrary.org/works/OL20261819W"
"Darkfire","Garrett Robinson","1941076378","OL26918467W","https://openlibrary.org/works/OL26918467W"
"Daughter of Time Trilogy","Erec Stebbins","1942360061","",""
"Dead Reckoning","Charlaine Harris","","OL15670556W","https://openlibrary.org/works/OL15670556W"
"Deadly Sting","Jennifer Estep","1451688997","",""
"Dear Edward","Ann Napolitano","","OL20624674W","https://openlibrary.org/works/OL20624674W"
"Dear Fahrenheit 451: Love and Heartbreak in the Stacks","Annie Spence","1250106494","",""
"Dear Mrs. Bird","A.J. Pearce","1501170066","",""
"Deceit","Nick van der Leek","","",""
"Deep Survival: Who Lives, Who Dies, and Why","Laurence Gonzales","0393353710","",""
"Deep Work: Rules for Focused Success in a Distracted World","Cal Newport","1455586692","",""
"Deep as the Sky, Red as the Sea","Rita Chang-Eppig","1639730370","",""
"Defiance","C.J. Redwine","0062117181","",""
"Delirium","Lauren Oliver","0061726834","",""
"Departure","A.G. Riddle","","OL18818806W","https://openlibrary.org/works/OL18818806W"
"Destined for an Early Grave","Jeaniene Frost","0061583219","",""
"Devil's Paw","Debra Dunbar","","OL19622083W","https://openlibrary.org/works/OL19622083W"
"Digital Minimalism: Choosing a Focused Life in a Noisy World","Cal Newport","0525536515","",""
"Displaced","David Korson","","OL22204072W","https://openlibrary.org/works/OL22204072W"
"Divergent","Veronica Roth","0062024035","OL15719630W","https://openlibrary.org/works/OL15719630W"
"Divergent Series Complete Box Set (Divergent, #1-3)","Veronica Roth","0062278789","",""
"Don Quixote","Miguel de Cervantes Saavedra","","OL25543788W","https://openlibrary.org/works/OL25543788W"
"Don't Make a Sound","T.R. Ragan","1542093864","OL20757083W","https://openlibrary.org/works/OL20757083W"
"Dreams Lie Beneath","Rebecca   Ross","0063015951","OL26413608W","https://openlibrary.org/works/OL26413608W"
"Driving Mr. Albert: A Trip Across America with Einstein's Brain","Michael Paterniti","0307765350","",""
"Driving Over Lemons: An Optimist in Andalucía","Chris  Stewart","0953522709","",""
"Drowning with Others","Linda Keir","1503957993","OL20839819W","https://openlibrary.org/works/OL20839819W"
"Eleanor & Park","Rainbow Rowell","1250012570","",""
"Elizabeth I: Legendary Queen Of England","Michael W. Simmons","","",""
"Elon Musk","Walter Isaacson","1982181281","",""
"Elven Blood","Debra Dunbar","8800880088","OL26602760W","https://openlibrary.org/works/OL26602760W"
"Enemy of the People: The Untold Story of the Journalists Who Opposed Hitler","Terrence Petty","1542042410","",""
"Eragon","Christopher Paolini","0375826696","",""
"Etched in Bone","Anne Bishop","","OL20048406W","https://openlibrary.org/works/OL20048406W"
"Eternal Kiss of Darkness","Jeaniene Frost","0061783161","",""
"Every Heart a Doorway","Seanan McGuire","0765385503","",""
"Every Last Secret","A.R. Torre","1542020182","",""
"Every Vow You Break","Peter  Swanson","0062980033","",""
"Everyone Is Watching","Heather Gudenkauf","0778310795","OL37612217W","https://openlibrary.org/works/OL37612217W"
"Everyone in My Family Has Killed Someone","Benjamin   Stevenson","0063279029","",""
"Everything Happens for a Reason: And Other Lies I've Loved","Kate Bowler","0399592067","",""
"Everything Here Is Beautiful","Mira T. Lee","0735221960","",""
"Family","J. California Cooper","","OL1891605W","https://openlibrary.org/works/OL1891605W"
"Family of Liars","E. Lockhart","","OL26909900W","https://openlibrary.org/works/OL26909900W"
"Fantasy of Fire","Kelly St. Clare","","OL24573622W","https://openlibrary.org/works/OL24573622W"
"Fantasy of Flight","Kelly St. Clare","","OL24477969W","https://openlibrary.org/works/OL24477969W"
"Fantasy of Frost","Kelly St. Clare","","OL27111620W","https://openlibrary.org/works/OL27111620W"
"Firefly Lane","Kristin Hannah","0312364083","",""
"First Frost","Jennifer Estep","0758275072","OL26322818W","https://openlibrary.org/works/OL26322818W"
"First Grave on the Right","Darynda Jones","0312662750","",""
"First Lie Wins","Ashley Elston","","OL37505495W","https://openlibrary.org/works/OL37505495W"
"First Shift: Legacy","Hugh Howey","","OL17406591W","https://openlibrary.org/works/OL17406591W"
"Five Broken Blades","Mai Corland","1649376901","",""
"Five Presidents: My Extraordinary Journey with Eisenhower, Kennedy, Johnson, Nixon, and Ford","Clint Hill","","",""
"Flashlight","Susan Choi","","OL42408368W","https://openlibrary.org/works/OL42408368W"
"Flowers for Algernon","Daniel Keyes","","OL515754W","https://openlibrary.org/works/OL515754W"
"For Camelot's Honor","Sarah Zettel","0373802188","",""
"Fosgate's Game","David C.   Cassidy","","OL22446670W","https://openlibrary.org/works/OL22446670W"
"Found","Harlan Coben","1409124517","OL17303315W","https://openlibrary.org/works/OL17303315W"
"Franny and Zooey","J.D. Salinger","0316769029","",""
"Friday Night Bites","Chloe Neill","","OL13652470W","https://openlibrary.org/works/OL13652470W"
"From Blood and Ash","Jennifer L. Armentrout","1952457017","OL27838518W","https://openlibrary.org/works/OL27838518W"
"From the Mixed-Up Files of Mrs. Basil E. Frankweiler","E.L. Konigsburg","0744583276","",""
"Frostbite","Richelle Mead","","OL8488889W","https://openlibrary.org/works/OL8488889W"
"Funny Story","Emily Henry","","OL37575890W","https://openlibrary.org/works/OL37575890W"
"Galveston","Nic Pizzolatto","1439166641","",""
"Gemina","Amie Kaufman","0553499181","",""
"Genesis and the Big Bang Theory: The Discovery Of Harmony Between Modern Science And The Bible","Gerald Schroeder","","",""
"Get Your Sh*t Together: How to Stop Worrying About What You Should Do So You Can Finish What You Need to Do and Start Doing What You Want to Do","Sarah Knight","","",""
"Girl in the Rearview Mirror","Kelsey Rae Dimberg","0062867946","OL20813351W","https://openlibrary.org/works/OL20813351W"
"Girls of Paper and Fire","Natasha Ngan","0316561363","",""
"Go Ask Alice","Beatrice Sparks","1416914633","",""
"Go as a River","Shelley Read","1954118236","",""
"God Touched","John Conroe","","OL24232444W","https://openlibrary.org/works/OL24232444W"
"Godsgrave","Jay Kristoff","1466885041","OL20913736W","https://openlibrary.org/works/OL20913736W"
"Gone 'til November","Wallace Stroby","0312560249","",""
"Gone with the Wind","Margaret Mitchell","0446365386","",""
"Good Omens: The Nice and Accurate Prophecies of Agnes Nutter, Witch","Neil Gaiman","0060853972","",""
"Good as Gone","Amy Gentry","0544916077","OL20198106W","https://openlibrary.org/works/OL20198106W"
"Goodnight Moon","Margaret Wise Brown","0060775858","",""
"Gravity","Abigail Boyd","","OL39819817W","https://openlibrary.org/works/OL39819817W"
"Great Expectations","Kate Flint","0192833596","",""
"Greenlights","Matthew McConaughey","0593139135","",""
"Hamlet","Rex Gibson","0521618746","",""
"Hang the Moon","Jeannette Walls","1501117297","",""
"Harry Potter and the Chamber of Secrets","J.K. Rowling","","OL82537W","https://openlibrary.org/works/OL82537W"
"Harry Potter and the Sorcerer's Stone","J.K. Rowling","0439554934","",""
"Hashimoto's Protocol: A 90-Day Plan for Reversing Thyroid Symptoms and Getting Your Life Back","Izabella Wentz","","",""
"Heart of Venom","Jennifer Estep","1451689004","OL34312365W","https://openlibrary.org/works/OL34312365W"
"Heartbreaker","Julie Garwood","1416503811","",""
"Hekla's Children","James Brogden","1785654381","",""
"Hell's Princess: The Mystery of Belle Gunness, Butcher of Men","Harold Schechter","1503944913","",""
"Her One Mistake","Heidi Perks","","OL20152597W","https://openlibrary.org/works/OL20152597W"
"Here I Am","Jonathan Safran Foer","0241146186","",""
"Hidden Bodies","Caroline Kepnes","1476785635","",""
"Hit List","Laurell K. Hamilton","0425241130","",""
"Home Is Where the Bodies Are","Jeneva Rose","","OL37615492W","https://openlibrary.org/works/OL37615492W"
"Horse","Geraldine Brooks","0399562966","",""
"Hounded","Kevin Hearne","0345522478","",""
"House of Earth and Blood","Sarah J. Maas","1635574048","",""
"How Not to Murder Your Ex","Katie Marsh","1785138758","OL36809821W","https://openlibrary.org/works/OL36809821W"
"How To Be a Good Wife","Emma  Chapman","1447216180","",""
"How To Get Better At Anything","Paul McMahon","1732604657","",""
"How to ADHD: An Insider's Guide to Working with Your Brain (Not Against It)","Jessica McCabe","0593578945","",""
"How to Build a Girl","Caitlin Moran","","OL17605692W","https://openlibrary.org/works/OL17605692W"
"How to End a Love Story","Yulin Kuang","","OL37579040W","https://openlibrary.org/works/OL37579040W"
"How to Hang a Witch","Adriana Mather","0553539485","OL19913968W","https://openlibrary.org/works/OL19913968W"
"How to Not Die Alone: The Surprising Science That Will Help You Find Love","Logan Ury","1982120622","",""
"How to Read a Book: The Classic Guide to Intelligent Reading","Mortimer J. Adler","","OL31652795W","https://openlibrary.org/works/OL31652795W"
"How to Take Smart Notes","Sönke Ahrens","","OL18635700W","https://openlibrary.org/works/OL18635700W"
"How to Take Smart Notes in Obsidian","Joshua Duffney","","",""
"I Can Be a Better You","Tarryn Fisher","","OL24167213W","https://openlibrary.org/works/OL24167213W"
"I Have Some Questions for You","Rebecca Makkai","0593490142","",""
"I Wish You All the Best","Mason Deaver","","OL20162440W","https://openlibrary.org/works/OL20162440W"
"I'll Be Gone in the Dark: One Woman's Obsessive Search for the Golden State Killer","Michelle McNamara","0062319809","",""
"I'm Glad My Mom Died","Jennette McCurdy","","OL26663382W","https://openlibrary.org/works/OL26663382W"
"I'm OK, You're OK","Thomas A. Harris","","OL5724310W","https://openlibrary.org/works/OL5724310W"
"I'm Starting to Worry About This Black Box of Doom","Jason Pargin","","OL37744485W","https://openlibrary.org/works/OL37744485W"
"Ian M. Banks - The Culture Lot of 5 Algebraist, Consider Phlebas, Against a Dark Background and More","Ian M. Banks","","",""
"If I Go Missing","Leslie Wolfe","1835251390","OL37584621W","https://openlibrary.org/works/OL37584621W"
"If She Knew","Blake Pierce","","OL20872919W","https://openlibrary.org/works/OL20872919W"
"If She Saw","Blake Pierce","","OL24855870W","https://openlibrary.org/works/OL24855870W"
"If She Wakes","Michael Koryta","0316294004","",""
"If You Only Knew","Kristan Higgins","","OL21812012W","https://openlibrary.org/works/OL21812012W"
"Illuminae","Amie Kaufman","0553499114","",""
"Illusions: The Adventures of a Reluctant Messiah","Richard Bach","","",""
"Imaginary Friend","Stephen Chbosky","1538731339","",""
"Immortal Ops Box Set (Immortal Ops, #1-4)","Mandy M. Roth","1625010753","OL39120967W","https://openlibrary.org/works/OL39120967W"
"Imp Forsaken","Debra Dunbar","","OL37630012W","https://openlibrary.org/works/OL37630012W"
"In Camelot's Shadow","Sarah Zettel","0373811128","",""
"In Plain Sight","Dan Willis","","OL29505582W","https://openlibrary.org/works/OL29505582W"
"In the Blood","Lisa Unger","1476708231","OL19356458W","https://openlibrary.org/works/OL19356458W"
"In the Lake of the Woods","Tim O'Brien","","OL22431W","https://openlibrary.org/works/OL22431W"
"In the Woods","Tana French","","OL7989979W","https://openlibrary.org/works/OL7989979W"
"Inception","Bianca Scardoni","0994865112","OL20906663W","https://openlibrary.org/works/OL20906663W"
"Indelicacy","Amina Cain","0374148376","OL20756376W","https://openlibrary.org/works/OL20756376W"
"Indemnity Only","Sara Paretsky","0440210690","OL18044W","https://openlibrary.org/works/OL18044W"
"Infinite Jest","David Foster Wallace","","OL2943602W","https://openlibrary.org/works/OL2943602W"
"Influence: The Psychology of Persuasion","Robert B. Cialdini","","",""
"Iniquitous","Bianca Scardoni","","OL26147983W","https://openlibrary.org/works/OL26147983W"
"Ink and Bone","Lisa Unger","1501101641","OL25381692W","https://openlibrary.org/works/OL25381692W"
"Instauration","Sarah Lyons Fleming","","OL27305222W","https://openlibrary.org/works/OL27305222W"
"Intruders: The Incredible Visitations at Copley Woods","Budd Hopkins","5551898458","",""
"Invidious","Bianca Scardoni","0994865147","OL20806177W","https://openlibrary.org/works/OL20806177W"
"Invisible Monsters","Michael Sutherland","1620041952","OL35276702W","https://openlibrary.org/works/OL35276702W"
"Iron Kissed","Patricia Briggs","0441015662","",""
"Island of the Blue Dolphins","Scott O'Dell","0440439884","",""
"Isolation Island: Into the Wild","Johnny Moscato","","",""
"It's a Wonderful Midlife Crisis","Robyn Peterman","1941377394","",""
"Jane Eyre","Charlotte Brontë","0142437204","",""
"Jar of Hearts","Jennifer Hillier","1250154197","",""
"Jarhead : A Marine's Chronicle of the Gulf War and Other Battles","Anthony Swofford","0743287215","",""
"Jessica Jones, Vol. 1: Uncaged!","Brian Michael Bendis","1302497782","",""
"Jessica Jones, Vol. 2: The Secrets of Maria Hill","Brian Michael Bendis","","",""
"Jesus Land: A Memoir","Julia Scheeres","1582433542","",""
"Jesus, Interrupted: Revealing the Hidden Contradictions in the Bible & Why We Don't Know About Them","Bart D. Ehrman","0061173932","",""
"Jill Kismet: The Complete Series","Lilith Saintcrow","","",""
"John Dies at the End","Jason Pargin","0978970764","",""
"Josh and Hazel's Guide to Not Dating","Christina Lauren","1501165852","",""
"Just My Luck","Adele Parks","0008284709","OL21666354W","https://openlibrary.org/works/OL21666354W"
"Kairos","Jenny Erpenbeck","","OL29330702W","https://openlibrary.org/works/OL29330702W"
"Keep Her Safe","K.A. Tucker","1501133403","",""
"Killers of a Certain Age","Deanna Raybourn","","OL27021614W","https://openlibrary.org/works/OL27021614W"
"Killers of the Flower Moon: The Osage Murders and the Birth of the FBI","David Grann","0593470834","",""
"Killing England: The Brutal Struggle for American Independence","Bill O'Reilly","1627790640","",""
"Killing November","Adriana Mather","0525579109","OL20161630W","https://openlibrary.org/works/OL20161630W"
"Killman Creek","Rachel Caine","1542096413","OL19731773W","https://openlibrary.org/works/OL19731773W"
"King's Dragon","William L. Culbertson","","",""
"Kingdom of the Wicked","Kerri Maniscalco","1529350441","",""
"Kitty and the Midnight Hour","Carrie Vaughn","0446616419","",""
"Knowing Your Value: Women, Money, and Getting What You're Worth","Mika Brzezinski","1611744415","",""
"Krakatoa: The Day the World Exploded [August 27, 1883]","Simon Winchester","0060838590","",""
"Lady Tan’s Circle of Women","Lisa See","1982117087","",""
"Last Girl Ghosted","Lisa Unger","","OL24454846W","https://openlibrary.org/works/OL24454846W"
"Lean In: Women, Work, and the Will to Lead","Sheryl Sandberg","0385349947","",""
"Learn to Knit on Circle Looms","Denise Layman","1573676314","OL8976610W","https://openlibrary.org/works/OL8976610W"
"Learning to Die in the Anthropocene: Reflections on the End of a Civilization","Roy Scranton","0872866696","",""
"Leaves of Grass","Walt Whitman","","OL16333W","https://openlibrary.org/works/OL16333W"
"Legendary","Stephanie Garber","","OL19748577W","https://openlibrary.org/works/OL19748577W"
"Life Bound","Aubrey Winters","","",""
"Life Inside","Mindy Lewis","0743411501","",""
"Life Will Be the Death of Me: . . . and You Too!","Chelsea Handler","0525511784","OL20088562W","https://openlibrary.org/works/OL20088562W"
"Life of Pi","Yann Martel","0770430074","",""
"Lightlark","Alex Aster","1419760866","",""
"Like Clockwork","Lee Strauss","0987807870","",""
"Listen for the Lie","Amy Tintera","1250880319","",""
"Little Fires Everywhere","Celeste Ng","0143135163","OL17821431W","https://openlibrary.org/works/OL17821431W"
"Little Shoes: The Sensational Depression-Era Murders That Became My Family's Secret","Pamela Everett","","",""
"Living the Vida Lola","Melissa Bourbon","0312384025","",""
"Lonesome Dove","Larry McMurtry","","OL134601W","https://openlibrary.org/works/OL134601W"
"Look Closer","David Ellis","0399170928","",""
"Lord of the Flies","William Golding","0140283331","",""
"Love Only Once","Johanna Lindsey","0380899531","",""
"Love and Ruin","Paula McLain","","OL20189961W","https://openlibrary.org/works/OL20189961W"
"Love in the Time of Cholera","Gabriel García Márquez","","OL24998368W","https://openlibrary.org/works/OL24998368W"
"Lovely War","Julie Berry","","OL19798655W","https://openlibrary.org/works/OL19798655W"
"Loving Frank","Nancy Horan","0345494997","",""
"Lucky","Marissa Stapley","1668002450","",""
"Lucky Suit","Lauren Blakely","","OL26417201W","https://openlibrary.org/works/OL26417201W"
"Lusam: The Dragon Mage Wars Book One","Dean Cadman","","",""
"Lusam: The Dragon Mage Wars Book Two","Dean Cadman","","",""
"Lyric's Curse","Robyn Wideman","","",""
"Maame","Jessica George","","OL27809981W","https://openlibrary.org/works/OL27809981W"
"Macbeth","Folger Shakespeare Library","0743477103","",""
"Made You Up","Francesca Zappia","","OL21372922W","https://openlibrary.org/works/OL21372922W"
"Magic for Liars","Sarah Gailey","1250174600","",""
"Magpie","Elizabeth  Day","1982187603","",""
"Managing in the Next Society (Classic Drucker Collection)","Peter F. Drucker","","",""
"Marked in Flesh","Anne Bishop","0698190424","OL20020543W","https://openlibrary.org/works/OL20020543W"
"Marvel Cinematic Universe Guidebook: It's All Connected","Michael O'Sullivan","1302502069","",""
"Mary Queen of Scots","Antonia Fraser","0804152586","OL1730836W","https://openlibrary.org/works/OL1730836W"
"Mary, Queen Of Scots: White Queen, Red Queen","Michael W. Simmons","","",""
"Material World: The Six Raw Materials That Shape Modern Civilization","Ed Conway","0593534344","",""
"Maya, Dead and Dreaming","Lana Sabarwal","","",""
"Maybe in Another Life","Taylor Jenkins Reid","","OL20004833W","https://openlibrary.org/works/OL20004833W"
"Meet the Sky (Blink)","McCall Hoyle","0310765706","",""
"Memnoch the Devil","Anne Rice","","OL77847W","https://openlibrary.org/works/OL77847W"
"Memoirs of a Geisha","Arthur Golden","0739326228","",""
"Mercy","Julie Garwood","0743430336","",""
"Metro 2033","Dmitry Glukhovsky","1481845705","",""
"Midnight at the Blackbird Café","Heather Webber","1250198607","",""
"Midnight at the Bright Ideas Bookstore","Matthew J. Sullivan","1501116843","",""
"Miracle in the Andes: 72 Days on the Mountain and My Long Trek Home","Nando Parrado","","",""
"Moneyball","Michael   Lewis","0393324818","",""
"Moon Called","Patricia Briggs","0441013813","",""
"Moonlight Cove","Sherryl Woods","0778329798","",""
"Mordacious","Sarah Lyons Fleming","","OL34965793W","https://openlibrary.org/works/OL34965793W"
"Mud and Gold","Shayne Parkinson","1452303800","OL20391451W","https://openlibrary.org/works/OL20391451W"
"Murder Your Employer","Rupert Holmes","1451648219","",""
"Murder of Crows","Anne Bishop","1101637943","OL20909458W","https://openlibrary.org/works/OL20909458W"
"Murder on the Red River","Marcie R. Rendon","1641293888","OL20220915W","https://openlibrary.org/works/OL20220915W"
"My Brilliant Friend","Elena Ferrante","","OL34947113W","https://openlibrary.org/works/OL34947113W"
"My Dark Vanessa","Kate Elizabeth Russell","","OL20652090W","https://openlibrary.org/works/OL20652090W"
"My Darling Husband","Kimberly Belle","0778311562","",""
"My Ex-Life","Stephen McCauley","1250122430","OL19754281W","https://openlibrary.org/works/OL19754281W"
"My Friends","Neil   Smith","1982112824","",""
"My Lady Jane","Cynthia Hand","0062391798","",""
"My Plain Jane","Cynthia Hand","","OL19745035W","https://openlibrary.org/works/OL19745035W"
"Neuromancer","William Gibson","","OL27258W","https://openlibrary.org/works/OL27258W"
"Nevermoor: The Trials of Morrigan Crow","Jessica Townsend","0316439959","",""
"Nevernight","Jay Kristoff","","OL19740349W","https://openlibrary.org/works/OL19740349W"
"Neverwhere","Neil Gaiman","0060557818","",""
"Nice Girls Don't Have Fangs","Molly Harper","1416589422","",""
"Night Shift","Lilith Saintcrow","0316001783","",""
"Nightblade","Garrett Robinson","","OL21163568W","https://openlibrary.org/works/OL21163568W"
"Nightlife","Rob Thurman","0451460758","",""
"Nine Perfect Strangers","Liane Moriarty","1250069823","OL19761911W","https://openlibrary.org/works/OL19761911W"
"No Exit","Taylor  Adams","1912106760","OL20152672W","https://openlibrary.org/works/OL20152672W"
"No Happy Endings","Nora McInerny Purmort","0062792407","",""
"No One Will Miss Her","Kat Rosenfield","0063057018","",""
"No Place to Die","Jaden Skye","","OL20890025W","https://openlibrary.org/works/OL20890025W"
"No Rest for the Weary","Aaron J. Ethridge","","OL29622499W","https://openlibrary.org/works/OL29622499W"
"No Turning Back: The South American Expedition of a Dragon Slayer","Benjamin "Coach" Wade","","",""
"Nobody Will Tell You This But Me: A True (as Told to Me) Story","Bess Kalb","0525654712","",""
"Northanger Abbey","Alfred Mac Adam","1593082649","",""
"Not Some Random Clown: A Youth Football Coaching Legend's Rise to Glory","Three Year Letterman","","",""
"Now I Rise","Kiersten White","","OL19355314W","https://openlibrary.org/works/OL19355314W"
"Obama: An Oral History","Brian Abrams","1503995038","",""
"Oblivion Song #1","Robert Kirkman","","",""
"Obscura","Joe Hart","1503934446","OL19342744W","https://openlibrary.org/works/OL19342744W"
"Of Blood and Fire","Ryan  Cahill","","OL24244461W","https://openlibrary.org/works/OL24244461W"
"Of Shadow Born","Dianne Sylvan","0425259803","",""
"Oh, the Places You’ll Go!","Dr. Seuss","0679805273","",""
"Olive, Again","Elizabeth Strout","0812996542","",""
"On a Quiet Street","Seraphina Nova Glass","0369717058","OL26120824W","https://openlibrary.org/works/OL26120824W"
"On the Come Up","Angie Thomas","","OL19781737W","https://openlibrary.org/works/OL19781737W"
"Once Upon a River","Diane Setterfield","","OL19764075W","https://openlibrary.org/works/OL19764075W"
"One","Richard Bach","0330311735","",""
"One Hundred Years of Solitude","Gregory Rabassa","","OL29355621W","https://openlibrary.org/works/OL29355621W"
"One Last Secret","Adele Parks","0778386775","",""
"One More Step","Lillian Schneider","","",""
"One by One","Ruth Ware","","OL20809405W","https://openlibrary.org/works/OL20809405W"
"One for the Blackbird, One for the Crow","Olivia Hawker","1542091136","OL20803594W","https://openlibrary.org/works/OL20803594W"
"One of Us Is Dead","Jeneva Rose","","OL25591992W","https://openlibrary.org/works/OL25591992W"
"One of Us Is Lying","Karen M. McManus","","OL17797857W","https://openlibrary.org/works/OL17797857W"
"One of Us Is Next","Karen M. McManus","0525707964","",""
"Only Time Will Tell","Jeffrey Archer","","OL15981099W","https://openlibrary.org/works/OL15981099W"
"Oona Out of Order","Margarita Montimore","1250236606","",""
"Opal","Maggie Stiefvater","1338306642","",""
"Orange Is the New Black: My Year in a Women's Prison","Piper Kerman","","",""
"Other People's Children","Jeff Hoffmann","","OL25920621W","https://openlibrary.org/works/OL25920621W"
"Our Kind of Cruelty","Araminta Hall","0374228191","",""
"Our Little Secret","Mandy Kaplan","1664994939","",""
"Overwhelmed: How to Quiet the Chaos and Restore Your Sanity","Kathi Lipp","0736965386","",""
"Pack Up the Moon","Kristan Higgins","0451489489","",""
"Pale Demon","Kim Harrison","0061138061","",""
"Pandemonium","Lauren Oliver","","OL16286212W","https://openlibrary.org/works/OL16286212W"
"Paradox Rising","Penelope Wright","","",""
"Paris: The Memoir","Paris Hilton","0063224623","",""
"Park Avenue Summer","Renée Rosen","1101991143","",""
"Part of Your World","Abby Jimenez","1538704374","OL24865656W","https://openlibrary.org/works/OL24865656W"
"Peace Like a River","Leif Enger","0802139256","",""
"Perfect","L.A. Kessler","","",""
"Peripeteia","Sarah Lyons Fleming","","OL40612663W","https://openlibrary.org/works/OL40612663W"
"Phrase Seven","Chase     Hughes","","OL28253051W","https://openlibrary.org/works/OL28253051W"
"Playing with Fire","Howard Hughes","0857502948","",""
"Poster Girl","Veronica Roth","0358164095","",""
"Predictably Irrational: The Hidden Forces That Shape Our Decisions","Dan Ariely","","",""
"Pretty Little Wife","Darby Kane","0063016400","",""
"Pretty Things","Janelle Brown","0525479139","OL20666896W","https://openlibrary.org/works/OL20666896W"
"Pride and Prejudice","Anna Quindlen","1441341706","",""
"Private","Maxine Paetro","0316096156","",""
"Private Games","Mark T. Sullivan","1846059739","",""
"Private L.A.","James  Patterson","0316211095","",""
"Private: #1 Suspect","James  Patterson","0316097403","",""
"Prized","Caragh M. O'Brien","1596435704","",""
"Promised","Caragh M. O'Brien","1596435712","",""
"Prudence","Gail Carriger","0316212245","",""
"Queen of Shadows","Dianne Sylvan","0441019250","",""
"Rachel, Out of Office","Christina Hovland","1649371225","OL25471097W","https://openlibrary.org/works/OL25471097W"
"Radiant Heat","Sarah-Jane Collins","","OL37587765W","https://openlibrary.org/works/OL37587765W"
"Raft of Stars","Andrew J. Graff","0063031906","",""
"Rated","Melissa Grey","","OL20150064W","https://openlibrary.org/works/OL20150064W"
"ReVamped","J.F. Lewis","1439102287","",""
"Recursion","Blake Crouch","1524759805","OL20073906W","https://openlibrary.org/works/OL20073906W"
"Red Rising","Pierce Brown","0345539788","",""
"Red at the Bone","Jacqueline Woodson","0525535276","",""
"Redemption","Mike Lawson","0802159540","OL26596019W","https://openlibrary.org/works/OL26596019W"
"Reshaping It All: Motivation for Physical and Spiritual Fitness","Candace Cameron Bure","1433669730","",""
"River Marked","Patricia Briggs","1841497975","",""
"Rock Paper Killers","Alexia Mason","1398508799","",""
"Romeo and Juliet","William Shakespeare","0743477111","",""
"Room 553","Britney King","","OL27472202W","https://openlibrary.org/works/OL27472202W"
"Rosemary and Rue","Seanan McGuire","1101140100","",""
"Run Away","Harlan Coben","","OL20151084W","https://openlibrary.org/works/OL20151084W"
"Salt Sugar Fat: How the Food Giants Hooked Us","Michael  Moss","1400069807","",""
"Satan's Sword","Debra Dunbar","","OL19369818W","https://openlibrary.org/works/OL19369818W"
"Scythe","Neal Shusterman","","OL17876096W","https://openlibrary.org/works/OL17876096W"
"Season Of The Harvest","Michael R. Hicks","0984492763","OL19626205W","https://openlibrary.org/works/OL19626205W"
"Second Hand Curses","Drew  Hayes","","OL29932423W","https://openlibrary.org/works/OL29932423W"
"Sense and Sensibility","Ros Ballaster","0141439661","",""
"September","Rosamunde Pilcher","","OL24297738W","https://openlibrary.org/works/OL24297738W"
"Serendipity's Debt","C.A. King","1988301769","",""
"Settling the Account","Shayne Parkinson","1452303843","OL20391459W","https://openlibrary.org/works/OL20391459W"
"Shadeborn","Karen Conlin","","",""
"Shadow Bound","Erin Kellison","0505528290","",""
"Shadow of the Fox","Julie Kagawa","","OL21848734W","https://openlibrary.org/works/OL21848734W"
"Shadow's Fall","Dianne Sylvan","1937007383","",""
"Shadowborn","Moira Katson","1484094670","OL40058186W","https://openlibrary.org/works/OL40058186W"
"Shadowforged","Moira Katson","1484095499","OL39716804W","https://openlibrary.org/works/OL39716804W"
"Shatter Me","Tahereh Mafi","","OL16014245W","https://openlibrary.org/works/OL16014245W"
"She Was the Quiet One","Michele Campbell","1250081831","OL20158664W","https://openlibrary.org/works/OL20158664W"
"She's Faking It","Kristin Rockaway","1525804561","OL21873634W","https://openlibrary.org/works/OL21873634W"
"Shelterwood","Lisa Wingate","0593726502","",""
"Ship Ablaze: The Tragedy of the Steamboat General Slocum","Edward T. O'Donnell","0767909062","",""
"Shiver","Allie Reynolds","","OL21681065W","https://openlibrary.org/works/OL21681065W"
"Shuggie Bain","Douglas   Stuart","0802148042","",""
"Shutter Island","Dennis Lehane","","OL17200W","https://openlibrary.org/works/OL17200W"
"Silence Fallen","Patricia Briggs","0425281272","",""
"Silent Victim","Caroline Mitchell","1542096626","OL20581104W","https://openlibrary.org/works/OL20581104W"
"Silver Borne","Patricia Briggs","","OL14906097W","https://openlibrary.org/works/OL14906097W"
"Six Wives: The Women Who Married, Lived, And Died For Henry VIII","Michael W. Simmons","","",""
"Six of Crows","Leigh Bardugo","","OL17332479W","https://openlibrary.org/works/OL17332479W"
"Skinwalker","Faith Hunter","0451462807","",""
"Skyward","Brandon Sanderson","1473217857","",""
"Slaughterhouse-Five","Kurt Vonnegut Jr.","","OL98459W","https://openlibrary.org/works/OL98459W"
"Snow Crash","Neal Stephenson","","OL38501W","https://openlibrary.org/works/OL38501W"
"So Here’s the Thing…: Notes on Growing Up, Getting Older, and Trusting Your Gut","Alyssa Mastromonaco","","",""
"So Long, Lollipops","Sarah Lyons Fleming","","OL26419923W","https://openlibrary.org/works/OL26419923W"
"Society of Lies","Lauren Ling Brown","","OL37627838W","https://openlibrary.org/works/OL37627838W"
"Sociopath","Patric Gagne","","OL37588134W","https://openlibrary.org/works/OL37588134W"
"Some Girls Bite","Chloe Neill","0451226259","",""
"Someone Else's Secret","Julia Spiro","1542022371","OL20759008W","https://openlibrary.org/works/OL20759008W"
"Someone Else's Shoes","Jojo Moyes","1984879294","",""
"Something Wicked This Way Comes","Ray Bradbury","0380729407","",""
"Song of Grace","Connie L. Beckett","1983423475","",""
"Sorcery of Thorns","Margaret  Rogerson","1481497618","",""
"Sorry I Missed You","Suzy Krause","1542010195","OL20742618W","https://openlibrary.org/works/OL20742618W"
"Spider's Bite","Jennifer Estep","1439147973","",""
"Spider’s Revenge","Jennifer Estep","1439192669","OL19950553W","https://openlibrary.org/works/OL19950553W"
"Spilled Milk","K.L. Randis","","OL26833760W","https://openlibrary.org/works/OL26833760W"
"Split Second","Douglas E. Richards","","OL24217041W","https://openlibrary.org/works/OL24217041W"
"Spun","Catherine McKenzie","0692025162","OL26519859W","https://openlibrary.org/works/OL26519859W"
"Staked","J.F. Lewis","1416547800","",""
"Still Life","Louise Penny","0312948557","",""
"Still Lost in Panama : The Real Tragedy on Pianista Trail. The case of Kris Kremers and Lisanne Froon","Christian Hardinghaus","","",""
"Stillhouse Lake","Rachel Caine","1477821554","OL24235969W","https://openlibrary.org/works/OL24235969W"
"Stolen Magic","Marina Finlayson","","OL27694809W","https://openlibrary.org/works/OL27694809W"
"Stolen Souls","Debra Dunbar","1497319692","OL44182236W","https://openlibrary.org/works/OL44182236W"
"Stories We Never Told","Sonja Yoerg","1542004675","OL20758237W","https://openlibrary.org/works/OL20758237W"
"Storm Front","Jim  Butcher","0451457811","",""
"Strange Sally Diamond","Liz Nugent","1844885968","OL29047823W","https://openlibrary.org/works/OL29047823W"
"Summary: Love Warrior: A Memoir by Glennon Doyle Melton","Billionaire Mind Publishing","1542708648","",""
"Surviving Michael","Joseph Birchall","","OL40142255W","https://openlibrary.org/works/OL40142255W"
"THE DRAMAS OF SOPHOCLES: THE OEDIPUS CYCLE AND OTHER PLAYS (The Greek dramas and plays) - Annotated THE GREAT EPIC POEM","Sophocles","","",""
"Take My Hand","Dolen Perkins-Valdez","0593337697","",""
"Taken","Benedict Jacka","1937007723","",""
"Talented","Sophie  Davis","","OL39813335W","https://openlibrary.org/works/OL39813335W"
"Talking as Fast as I Can: From Gilmore Girls to Gilmore Girls (and Everything in Between)","Lauren Graham","0425285189","",""
"Talking to My Angels","Melissa Etheridge","0063257459","",""
"Tarnished Are the Stars","Rosiee Thor","1338312278","OL21346874W","https://openlibrary.org/works/OL21346874W"
"Tea Cups & Tiger Claws","Timothy  Patrick","0989354407","",""
"Teardrop","Lauren Kate","0375990690","",""
"Tegan's Blood","L.H. Cosway","","",""
"Tell Me Lies","Carola Lovering","","OL19742760W","https://openlibrary.org/works/OL19742760W"
"Tell me Lies","J.P. Pomare","","",""
"The 7 1/2 Deaths of Evelyn Hardcastle","Stuart Turton","","OL31169989W","https://openlibrary.org/works/OL31169989W"
"The Adventures of Huckleberry Finn","John Seelye","0142437174","",""
"The Adventures of Tom Sawyer","Mark Twain","","OL53919W","https://openlibrary.org/works/OL53919W"
"The Afterlife of Holly Chase","Cynthia Hand","0062318500","",""
"The All of It","Jeannette Haien","0060971479","OL2661368W","https://openlibrary.org/works/OL2661368W"
"The Angel of Death","Elicia Hyder","","OL44157399W","https://openlibrary.org/works/OL44157399W"
"The Anonymous Source","A.C. Fuller","","OL20292032W","https://openlibrary.org/works/OL20292032W"
"The Arrangement","Kiersten Modglin","","OL28913558W","https://openlibrary.org/works/OL28913558W"
"The Arrangement","Robyn Harding","","",""
"The Atlantis Plague","A.G. Riddle","","OL20786335W","https://openlibrary.org/works/OL20786335W"
"The Awakening","Jennifer Martucci","","",""
"The Banned Bookshop of Maggie Banks","Shauna Robinson","","OL27296857W","https://openlibrary.org/works/OL27296857W"
"The Belgrade Archer","Chase     Hughes","","",""
"The Beneficiary","Marshall Thornton","","",""
"The Big Short: Inside the Doomsday Machine","Michael   Lewis","","",""
"The Birthday","Carol Wyer","","",""
"The Black Trilogy","Elise Noble","1910954683","",""
"The Blind Devotion of Imogene: The Misadventures of Imogene Taylor","David  Putnam","","",""
"The Blood Sugar Solution 10-Day Detox Diet: Activate Your Body's Natural Ability to Burn Fat and Lose Weight Fast","Mark Hyman","0316230022","",""
"The Book of Life","Deborah Harkness","","OL17782786W","https://openlibrary.org/works/OL17782786W"
"The Book of Lost Friends","Lisa Wingate","1984819887","",""
"The Borrowed Life of Frederick Fife","Anna  Johnston","0063397293","",""
"The Bottoms","Joe R. Lansdale","0446677922","OL54794W","https://openlibrary.org/works/OL54794W"
"The Boy and Girl Who Broke the World","Amy Reed","1481481762","",""
"The Boys in the Boat: Nine Americans and Their Epic Quest for Gold at the 1936 Berlin Olympics","Daniel James Brown","","",""
"The Breakdown","B.A. Paris","1848454996","",""
"The Bride Test","Helen  Hoang","0451490827","",""
"The Bridge Across Forever: A True Love Story – A New York Times Bestselling Philosophical Memoir of Hope and Intimacy","Richard Bach","0061148482","",""
"The Brilliant Life of Eudora Honeysett","Annie Lyons","0063026066","",""
"The Butterfly Assassin","Finn Longman","1398507350","",""
"The Butterfly Garden","Dot Hutchison","1503989712","OL20036652W","https://openlibrary.org/works/OL20036652W"
"The Call of the Wild","Jack London","","OL14942956W","https://openlibrary.org/works/OL14942956W"
"The Case for a Creator: A Journalist Investigates Scientific Evidence That Points Toward God","Lee Strobel","0310242096","",""
"The Cask of Amontillado","Edgar Allan Poe","1594561869","",""
"The Cat in the Hat","Dr. Seuss","","OL1898309W","https://openlibrary.org/works/OL1898309W"
"The Catcher in the Rye","J.D. Salinger","0316769177","",""
"The Chain","Adrian McKinty","","OL20670578W","https://openlibrary.org/works/OL20670578W"
"The Chateau","Avery Bishop","","",""
"The Children's Blizzard","David Laskin","0060520760","",""
"The Christmas Fix","Lucy Score","","",""
"The Cider House Rules","John Irving","0786226749","",""
"The Circus Fire: A True Story of an American Tragedy","Stewart O'Nan","0385496850","",""
"The Circus Train","Amita Parikh","","",""
"The Comprehensive INFP Survival Guide","Heidi Priebe","","",""
"The Couple Next Door","Shari Lapena","0735221081","",""
"The Cousins","Karen M. McManus","0525708014","",""
"The Covenant of Water","Abraham   Verghese","0802162177","",""
"The Creation Answer Book","Hank Hanegraaff","1400319269","",""
"The Crucible","Christopher W.E. Bigsby","0142437336","",""
"The Cuckoo's Cry","Caroline Overington","","",""
"The Culling Trials","K.F. Breene","1987933516","",""
"The Curious Incident of the Dog in the Night-Time","Mark Haddon","1400032717","",""
"The Dark Heart: A True Story of Greed, Murder, and an Unlikely Investigator","Joakim Palmkvist","1503959791","",""
"The Dark Tower Series: Books 1-7","Stephen  King","1780484542","",""
"The Dark-Hunters: Infinity, Vol. 1","Sherrilyn Kenyon","0316190535","",""
"The Death of Ivan Ilych","Leo Tolstoy","","OL267162W","https://openlibrary.org/works/OL267162W"
"The Death of Mrs. Westaway","Ruth Ware","1501156217","OL20561311W","https://openlibrary.org/works/OL20561311W"
"The Demon Next Door","Bryan Burrough","","OL28592190W","https://openlibrary.org/works/OL28592190W"
"The Devil in the White City","Erik Larson","0739303406","",""
"The Diary of a Young Girl","Anne Frank","","OL27294413W","https://openlibrary.org/works/OL27294413W"
"The Dilemma","B.A. Paris","1250151368","",""
"The Discovery of Magic","Michelle Madow","","",""
"The Divided Self: An Existential Study in Sanity and Madness","R.D. Laing","0141962089","",""
"The Drowning Woman","Robyn Harding","1538726769","",""
"The Echo Wife","Sarah Gailey","","OL20851667W","https://openlibrary.org/works/OL20851667W"
"The End is Nigh","Ken Liu","","",""
"The Evelyn Project","Kfir Luzzatto","1938212002","",""
"The Eye of the World","David   Grove","","",""
"The Fake Date","L.H. Stacey","1835330568","",""
"The Fall Girl","Marcia Clark","1644282658","",""
"The Family Remains","Lisa Jewell","1982178892","",""
"The Family Upstairs","Lisa Jewell","1501190105","",""
"The Farrier's Daughter","Leigh Ann Edwards","1460208722","OL21639545W","https://openlibrary.org/works/OL21639545W"
"The Favorite Girl","Monica Arya","","",""
"The Feast of All Saints","Anne Rice","0345376048","",""
"The Fifth Season","N.K. Jemisin","","OL17363125W","https://openlibrary.org/works/OL17363125W"
"The Firekeeper’s Daughter","Angeline Boulley","","",""
"The First Day of the Rest of Your Life","Rachel Caine","","",""
"The First Mistake","Sandie Jones","1250192056","OL20808717W","https://openlibrary.org/works/OL20808717W"
"The Five: The Untold Lives of the Women Killed by Jack the Ripper","Hallie Rubenhold","","",""
"The Flight Attendant","Chris Bohjalian","0385542429","OL20161311W","https://openlibrary.org/works/OL20161311W"
"The Flight of the Griffin","C.M. Gray","","",""
"The Forgotten Home Child","Genevieve Graham","","OL20660880W","https://openlibrary.org/works/OL20660880W"
"The Fountainhead","Ayn Rand","","OL731663W","https://openlibrary.org/works/OL731663W"
"The Four Agreements: A Practical Guide to Personal Freedom","Miguel Ruiz","1878424505","",""
"The Four Tendencies: The Indispensable Personality Profiles That Reveal How to Make Your Life Better (and Other People's Lives Better, Too)","Gretchen Rubin","0525496289","",""
"The Four Winds","Kristin Hannah","1250178606","",""
"The Fraud","Zadie Smith","","",""
"The Game You Played","Anni Taylor","","OL26617715W","https://openlibrary.org/works/OL26617715W"
"The Geography of Bliss: One Grump's Search for the Happiest Places in the World","Eric    Weiner","","",""
"The Ghost Cat: A Novel","Alex   Howard","","",""
"The Ghostwriter","A.R. Torre","","",""
"The Girl Before","J.P. Delaney","0425285049","OL19352876W","https://openlibrary.org/works/OL19352876W"
"The Girl Who Kicked the Hornet’s Nest","Stieg Larsson","","OL15369537W","https://openlibrary.org/works/OL15369537W"
"The Girl Who Takes an Eye for an Eye","George Goulding","","",""
"The Girl in Seat 2A","Diana Wilkinson","1837510210","",""
"The Girl of Fire and Thorns","Rae Carson","0062026488","",""
"The Girl with All the Gifts","M.R. Carey","0356500152","",""
"The Girls with No Names","Serena  Burdick","0778308731","OL20640577W","https://openlibrary.org/works/OL20640577W"
"The Giver","Lois Lowry","0385732554","",""
"The Giving Tree","Shel Silverstein","0060256656","",""
"The Glass Hotel","Emily St. John Mandel","0525521143","",""
"The Glittering Hour","Iona Grey","1250066794","",""
"The God of the Woods","Liz    Moore","","OL37827517W","https://openlibrary.org/works/OL37827517W"
"The Goldfinch","Donna Tartt","0316055433","",""
"The Good Daughter","Karin Slaughter","0062430262","OL19711736W","https://openlibrary.org/works/OL19711736W"
"The Good, the Bad, and the Undead","Kim Harrison","0060572973","",""
"The Grace Year","Kim Liggett","1250145449","",""
"The Great Alone","Kristin Hannah","","OL18147688W","https://openlibrary.org/works/OL18147688W"
"The Great Game","D.R. Bell","","",""
"The Great Gatsby","F. Scott Fitzgerald","0743273567","",""
"The Great Hunt","Robert Jordan","","OL7924135W","https://openlibrary.org/works/OL7924135W"
"The Great Pretender: The Undercover Mission That Changed Our Understanding of Madness","Susannah Cahalan","1538715287","",""
"The Grown Up","Gillian Flynn","","",""
"The Guest List","Lucy Foley","","",""
"The Gutter Prayer","Gareth Ryder-Hanrahan","0356511529","",""
"The Hawthorne Legacy","Jennifer Lynn Barnes","0241480744","",""
"The Hexologists","Josiah Bancroft","","",""
"The Hiding Place: The Triumphant True Story of Corrie Ten Boom","Corrie ten Boom","0553256696","",""
"The Hitchhiker’s Guide to the Galaxy","Douglas Adams","","OL25125779W","https://openlibrary.org/works/OL25125779W"
"The House Guest","Mark  Edwards","","OL24260279W","https://openlibrary.org/works/OL24260279W"
"The House Witch","Delemhach","1039410243","OL28941434W","https://openlibrary.org/works/OL28941434W"
"The House in the Cerulean Sea","T.J. Klune","","OL20656224W","https://openlibrary.org/works/OL20656224W"
"The Housemaid","Freida McFadden","1803144378","OL27729743W","https://openlibrary.org/works/OL27729743W"
"The Housemaid's Secret","Freida McFadden","1837901317","OL34113490W","https://openlibrary.org/works/OL34113490W"
"The Humans","Matt Haig","1476727910","",""
"The Hummingbird Killer","Finn Longman","1398507385","",""
"The Hunger Games","Suzanne Collins","0439023483","",""
"The Hunting Party","Lucy Foley","0008297126","",""
"The INFP Book: The Perks, Challenges, and Self-Discovery of an INFP","Catherine Chea Bryce","","",""
"The Ice Queen","Alice Hoffman","0316154385","",""
"The Illiad and The Odyssey","Homer","","",""
"The Importance of Being Earnest","Oscar Wilde","","OL27776452W","https://openlibrary.org/works/OL27776452W"
"The Indifferent Stars Above: The Harrowing Saga of a Donner Party Bride","Daniel James Brown","0061774731","",""
"The Indigo Spell","Richelle Mead","","OL17569314W","https://openlibrary.org/works/OL17569314W"
"The Inheritance","Irina Shapiro","","",""
"The Inmate","Freida McFadden","","OL31191485W","https://openlibrary.org/works/OL31191485W"
"The Innkeeper Chronicles, Volume 1","Ilona Andrews","1596068361","",""
"The Innovators: How a Group of Hackers, Geniuses, and Geeks Created the Digital Revolution","Walter Isaacson","","",""
"The Invisible Life of Addie LaRue","V.E. Schwab","0765387565","",""
"The Jewel Box","Anna   Davis","1416537368","",""
"The Johnstown Flood","David McCullough","0844662925","",""
"The Keeper of Happy Endings","Barbara  Davis","1713614723","",""
"The King's Traitor","Jeff Wheeler","1503992721","OL19324463W","https://openlibrary.org/works/OL19324463W"
"The Kiss Quotient","Helen  Hoang","0451490819","OL19744698W","https://openlibrary.org/works/OL19744698W"
"The Kite Runner","Khaled Hosseini","","OL5781992W","https://openlibrary.org/works/OL5781992W"
"The Last Magician","Lisa   Maxwell","1481432079","",""
"The Last Mona Lisa","Jonathan Santlofer","","OL24795757W","https://openlibrary.org/works/OL24795757W"
"The Last Murder at the End of the World","Stuart Turton","","OL38057028W","https://openlibrary.org/works/OL38057028W"
"The Last Season","Eric Blehm","0060583010","",""
"The Last Time Traveler","Aaron J. Ethridge","","",""
"The Last Vampire","Christopher Pike","0340877456","",""
"The Last Wife","J.A.  Baker","","",""
"The Last Wish","Andrzej Sapkowski","","OL24209675W","https://openlibrary.org/works/OL24209675W"
"The Library of the Unwritten","A.J. Hackwith","1984806386","OL20161624W","https://openlibrary.org/works/OL20161624W"
"The Life We Bury","Allen Eskens","1616149981","",""
"The Life-Changing Magic of Tidying Up: The Japanese Art of Decluttering and Organizing","Marie Kondō","1607747316","OL24483165W","https://openlibrary.org/works/OL24483165W"
"The Light Between Oceans","M.L. Stedman","1742755704","OL20403067W","https://openlibrary.org/works/OL20403067W"
"The Light in Hidden Places","Beata Poźniak","","",""
"The Little House Collection (Little House, #1-9)","Laura Ingalls Wilder","0060529962","",""
"The Lochlann Treaty: Complete Series (The Lochlann Treaty, #1-4)","Robin D. Mahle","","",""
"The Looming Tower: Al-Qaeda and the Road to 9/11","Lawrence Wright","","",""
"The Loop","Jeremy Robert Johnson","1534454292","",""
"The Lorax","Dr. Seuss","0679889108","",""
"The Lost Apothecary","Sarah Penner","0778311015","",""
"The Lost Bookshop","Evie  Woods","0008609209","OL37893942W","https://openlibrary.org/works/OL37893942W"
"The Lost Girls","Sarah Painter","","OL20925772W","https://openlibrary.org/works/OL20925772W"
"The Magpie Lord","K.J. Charles","0995799024","OL24236164W","https://openlibrary.org/works/OL24236164W"
"The Making of Biblical Womanhood: How the Subjugation of Women Became Gospel Truth","Beth Allison Barr","1587434709","",""
"The Man Who Broke Capitalism: How Jack Welch Gutted the Heartland and Crushed the Soul of Corporate America―and How to Undo His Legacy","David Gelles","","",""
"The Many Lives of Mama Love: A Memoir of Lying, Stealing, Writing, and Healing","Lara Love Hardin","1982197668","",""
"The Marriage Act","John Marrs","1335005935","",""
"The Maze Runner","James Dashner","0385737947","",""
"The Measure","Nikki Erlick","0063204223","OL25342555W","https://openlibrary.org/works/OL25342555W"
"The Memory of Old Jack: A Novel (Port William)","Wendell Berry","1582430438","",""
"The Memory of Us","Camille Di Maio","1503989747","OL20902460W","https://openlibrary.org/works/OL20902460W"
"The Metronome","D.R. Bell","","",""
"The Miracle Morning Companion Planner","Hal Elrod","1942589220","OL34784868W","https://openlibrary.org/works/OL34784868W"
"The Most Dangerous Game","Richard Connell","1599869691","",""
"The Mother-in-Law","Sally Hepworth","","OL21162933W","https://openlibrary.org/works/OL21162933W"
"The Movement","Avi Datta","1647046289","",""
"The Mutual Friend","Carter  Bays","","",""
"The Mysterious Case of Rudolf Diesel: Genius, Power, and Deception on the Eve of World War I","Douglas Brunt","1982169907","",""
"The Myth of Normal: Trauma, Illness, and Healing in a Toxic Culture","Daniel Maté","0593083881","",""
"The New Wilderness","Diane  Cook","0062333135","",""
"The Old Man and the Sea","Ernest Hemingway","0684830493","",""
"The One","John Marrs","","OL20521432W","https://openlibrary.org/works/OL20521432W"
"The Only Woman in the Room","Marie Benedict","1492666866","OL19666130W","https://openlibrary.org/works/OL19666130W"
"The Other Boleyn Girl","Philippa Gregory","","OL59953W","https://openlibrary.org/works/OL59953W"
"The Other Valley","Scott Alexander Howard","1668015471","",""
"The Outsiders","S.E. Hinton","0670532576","",""
"The Overdue Life of Amy Byler","Kelly Harms","1542090571","OL19865358W","https://openlibrary.org/works/OL19865358W"
"The Paper Magician","Charlie N. Holmberg","","OL17974590W","https://openlibrary.org/works/OL17974590W"
"The Paris Apartment","Lucy Foley","0063003058","",""
"The Passion According to Carmela","Marcos Aguinis","1503960390","OL20179539W","https://openlibrary.org/works/OL20179539W"
"The Past Is Red","Catherynne M. Valente","1250301130","",""
"The Pecan Man","Cassie Dandridge Selleck","","OL24776773W","https://openlibrary.org/works/OL24776773W"
"The Perfect Child","Lucinda Berry","","OL20162129W","https://openlibrary.org/works/OL20162129W"
"The Perfect Girlfriend","Karen  Hamilton","1488034966","OL19365472W","https://openlibrary.org/works/OL19365472W"
"The Perfect Golden Circle","Benjamin Myers","1612199585","",""
"The Perfect Marriage","Jeneva Rose","","OL24315820W","https://openlibrary.org/works/OL24315820W"
"The Picture of Dorian Gray","Jeffrey Eugenides","","",""
"The Pit and the Pendulum","Edgar Allan Poe","0146000110","",""
"The Plagiarist","Hugh Howey","","OL20916893W","https://openlibrary.org/works/OL20916893W"
"The Poet X","Elizabeth Acevedo","","OL19734273W","https://openlibrary.org/works/OL19734273W"
"The Priory of the Orange Tree","Samantha Shannon","","OL20157354W","https://openlibrary.org/works/OL20157354W"
"The Professor and the Madman: A Tale of Murder, Insanity and the Making of the Oxford English Dictionary","Simon Winchester","0060839783","",""
"The Quantum Thief","Hannu Rajaniemi","0575088877","",""
"The Queen of the Damned","Anne Rice","0345419626","",""
"The Queen of the Tearling","Erika Johansen","","OL19670336W","https://openlibrary.org/works/OL19670336W"
"The Queen's Poisoner","Jeff Wheeler","","OL19325292W","https://openlibrary.org/works/OL19325292W"
"The Queens of Camelot: The Complete Series","Sarah Zettel","1504057805","",""
"The Radium Girls: The Dark Story of America’s Shining Women","Kate  Moore","","OL19850073W","https://openlibrary.org/works/OL19850073W"
"The Rat Collector","Chris Yee","0997353600","OL33035950W","https://openlibrary.org/works/OL33035950W"
"The Raven","Gustave Doré","0486290727","",""
"The Raven King","Maggie Stiefvater","0545860350","",""
"The Regular Guy: A Nathan McNamara Story","Elicia Hyder","","",""
"The Remains of the Day","Kazuo Ishiguro","","OL59048W","https://openlibrary.org/works/OL59048W"
"The Reset","Avi Datta","1647047463","OL36480000W","https://openlibrary.org/works/OL36480000W"
"The Residence: Inside the Private World of the White House","Kate Andersen Brower","0062476017","",""
"The Roanoke Girls","Amy Engel","1101906669","",""
"The Rose Code","Kate Quinn","0062943472","OL21171268W","https://openlibrary.org/works/OL21171268W"
"The Rosie Result","Graeme Simsion","1925773817","",""
"The Rosie Result","Graeme Simsion","1925773477","OL20063593W","https://openlibrary.org/works/OL20063593W"
"The Rule of Many","Ashley Saunders","1542043697","OL20894955W","https://openlibrary.org/works/OL20894955W"
"The Rule of One","Ashley Saunders","1503954943","",""
"The Sacrifice","Elicia Hyder","","OL20552568W","https://openlibrary.org/works/OL20552568W"
"The School for Good Mothers","Jessamine Chan","","",""
"The Second Compound","Bob Blink","","",""
"The Secret Diary of Anne Boleyn","Robin Maxwell","0684849690","",""
"The Secrets We Keep","Trisha Leaver","0374300461","",""
"The Selection","Kiera Cass","0062059939","",""
"The Sense of an Ending","Julian Barnes","","OL15991772W","https://openlibrary.org/works/OL15991772W"
"The Serpent and the Wings of Night","Carissa Broadbent","","OL38687712W","https://openlibrary.org/works/OL38687712W"
"The Seven Husbands of Evelyn Hugo","Taylor Jenkins Reid","1501139231","",""
"The Shadow Queen","C.J. Redwine","0062360248","",""
"The Shadow of the Wind","Carlos Ruiz Zafón","","OL36433603W","https://openlibrary.org/works/OL36433603W"
"The Shallows: What the Internet Is Doing to Our Brains","Nicholas Carr","0393339750","",""
"The Silent Patient","Alex Michaelides","1250301696","",""
"The Siren","Elicia Hyder","1945775025","OL32946548W","https://openlibrary.org/works/OL32946548W"
"The Song of Achilles","Madeline Miller","1408816032","",""
"The Song of the Jade Lily","Kirsty Manning","","OL20153023W","https://openlibrary.org/works/OL20153023W"
"The Soul Summoner","Elicia Hyder","","OL44157401W","https://openlibrary.org/works/OL44157401W"
"The Space Between Worlds","Micaiah Johnson","","OL20884745W","https://openlibrary.org/works/OL20884745W"
"The Spies That Bind","Ally Carter","","OL20828172W","https://openlibrary.org/works/OL20828172W"
"The Story of a New Name","Elena Ferrante","","OL34777467W","https://openlibrary.org/works/OL34777467W"
"The Stranger in the Woods: The Extraordinary Story of the Last True Hermit","Michael Finkel","1101924926","",""
"The Suicide Merchant","Cheyne Peck","1665737921","",""
"The Summer that Melted Everything","Tiffany   McDaniel","1250078067","",""
"The Sun Does Shine: How I Found Life and Freedom on Death Row","Anthony Ray Hinton","1250124719","",""
"The Surge","Willow Rose","","OL20879459W","https://openlibrary.org/works/OL20879459W"
"The Survivalists","Kashana Cauley","1593767277","",""
"The Tainted Cup","Robert Jackson Bennett","1984820702","",""
"The Taken","Elicia Hyder","","OL44157401W","https://openlibrary.org/works/OL44157401W"
"The Tao of Pooh","Benjamin Hoff","1405204265","",""
"The Tattooist of Auschwitz","Heather   Morris","","OL19661009W","https://openlibrary.org/works/OL19661009W"
"The Tell-Tale Heart","Byron Glaser","0871917726","",""
"The Ten Thousand Doors of January","Alix E. Harrow","0316421995","",""
"The Tenth Girl","Sara Faring","1250304504","",""
"The Thief's Daughter","Jeff Wheeler","1503990001","",""
"The Things I Didn't Do","Charlotte Barnes","1504073991","",""
"The Things We Wish Were True","Marybeth Mayhew Whalen","1503991067","",""
"The Thirteenth Tale","Diane Setterfield","0743298020","",""
"The Thousandth Floor","Katharine McGee","","OL20042206W","https://openlibrary.org/works/OL20042206W"
"The Thread of Laurel Creek (Sweat and Silence Series)","Dianna Aubin","","",""
"The Three Lives of Alix St Pierre","Natasha Lester","0733647227","",""
"The Thursday Murder Club","Richard Osman","","OL20878311W","https://openlibrary.org/works/OL20878311W"
"The Time Traveler's Wife","Audrey Niffenegger","1939126010","OL4720160W","https://openlibrary.org/works/OL4720160W"
"The Tipping Point: How Little Things Can Make a Big Difference","Malcolm Gladwell","","",""
"The Toll","Neal Shusterman","1481497065","",""
"The Towering Sky","Katharine McGee","","OL19764697W","https://openlibrary.org/works/OL19764697W"
"The Tragedy of Arthur","Arthur Phillips","1400066476","",""
"The Trapdoor","Andrew Klavan","0575602309","",""
"The Traveler #1-3","Tom Abrahams","","",""
"The Truce","Mario Benedetti","","",""
"The Truth About Forever","Sarah Dessen","0142406252","",""
"The Turn: The Hollows Begins with Death","Kim Harrison","1501108719","",""
"The Two Week Curse","Michael  Chatfield","1989377491","OL24134693W","https://openlibrary.org/works/OL24134693W"
"The Ultimate Hitchhiker’s Guide to the Galaxy (Hitchhiker's Guide to the Galaxy, #1-5)","Douglas Adams","0345453743","",""
"The Unbearable Lightness of Being","Milan Kundera","0571224385","",""
"The Undead Pool","Kim Harrison","0061957933","",""
"The Utterly Uninteresting and Unadventurous Tales of Fred, the Vampire Accountant","Drew  Hayes","","OL19861566W","https://openlibrary.org/works/OL19861566W"
"The Vampire Armand","Anne Rice","0345434803","",""
"The Vampire Files, Volume 1 (Vampire Files, #1-3)","P.N. Elrod","0441010903","",""
"The Vampire Knitting Club","Nancy Warren","1928145485","OL20545941W","https://openlibrary.org/works/OL20545941W"
"The Vanished Birds","Simon Jimenez","0593128982","",""
"The Veil #1-3","Pippa DaCosta","","",""
"The Wager: A Tale of Shipwreck, Mutiny and Murder","David Grann","0385534264","",""
"The Watchmaker of Dachau","Carly Schabowski","1838886400","",""
"The Watchmaker's Daughter: The True Story of World War II Heroine Corrie ten Boom","Larry Loftis","0063234580","",""
"The Wedding People","Alison Espach","","OL37618227W","https://openlibrary.org/works/OL37618227W"
"The Westing Game","Ellen Raskin","","OL4103857W","https://openlibrary.org/works/OL4103857W"
"The Whalebone Theatre","Joanna   Quinn","0593321707","",""
"The Whispered Tales of Graves Grove","J.S. Bailey","","",""
"The Wicked Deep","Shea Ernshaw","1481497340","OL19914219W","https://openlibrary.org/works/OL19914219W"
"The Widow's Husband's Secret Lie","Freida McFadden","","",""
"The Winding","Avi Datta","1647043905","",""
"The Wise Man's Fear","Patrick Rothfuss","0756404738","",""
"The Wish Granter","C.J. Redwine","0062360302","",""
"The Witches of New York","Ami McKay","0062359932","OL20163444W","https://openlibrary.org/works/OL20163444W"
"The Wolves at the Door: The True Story of America's Greatest Female Spy","Judith L. Pearson","","",""
"The Woman in the Window","A.J. Finn","","OL27036508W","https://openlibrary.org/works/OL27036508W"
"The World According to Garp","John Irving","0345915593","OL24316420W","https://openlibrary.org/works/OL24316420W"
"The Wrong Family","Tarryn Fisher","1525810006","",""
"The X-Files: Cold Cases","Joe Harris","","",""
"Theft by Finding: Diaries 1977-2002","David Sedaris","0316154725","",""
"Theft of Swords (The Riyria Revelations, #1-2)","Michael J. Sullivan","0316187747","",""
"These Violent Delights","Chloe Gong","1534457690","",""
"They Both Die at the End","Adam Silvera","0062457799","",""
"They Never Learn","Layne Fargo","1982132027","",""
"Things Fall Apart","Chinua Achebe","","OL891786W","https://openlibrary.org/works/OL891786W"
"Thirst","Jacquelyn Frank","","",""
"This Dark Descent","Kalyn Josephson","1250812364","",""
"This Is Why We Lied","Karin Slaughter","0063336723","",""
"This Life or the Next","Demian Vitanza","1503958817","OL20922742W","https://openlibrary.org/works/OL20922742W"
"This Mortal Coil","Emily Suvada","1481496336","",""
"This Tender Land","William Kent Krueger","1476749299","",""
"Those Who Leave and Those Who Stay","Elena Ferrante","","OL34777467W","https://openlibrary.org/works/OL34777467W"
"Threats of Sky and Sea","Jennifer Ellision","","OL29947335W","https://openlibrary.org/works/OL29947335W"
"Three Hours in Paris","Cara Black","","OL20692475W","https://openlibrary.org/works/OL20692475W"
"Three Mages and a Margarita","Annette Marie","1988153220","",""
"Throne of Glass","Sarah J. Maas","","OL16607146W","https://openlibrary.org/works/OL16607146W"
"Throne of the Fallen","Kerri Maniscalco","","OL34336153W","https://openlibrary.org/works/OL34336153W"
"Thunderhead","Neal Shusterman","1442472472","",""
"Tiger Lily","Jodi Lynn Anderson","0062114611","OL20152913W","https://openlibrary.org/works/OL20152913W"
"Time Bomb","Penelope Wright","","",""
"Time Heals No Wounds","Hendrik Falkenberg","1503988473","OL25385213W","https://openlibrary.org/works/OL25385213W"
"Timelines","Bob Blink","","OL33812897W","https://openlibrary.org/works/OL33812897W"
"To All the Boys I've Loved Before","Jenny Han","1442426713","",""
"To Kill a Unicorn","John Corwin","","OL25539586W","https://openlibrary.org/works/OL25539586W"
"Tomorrow, and Tomorrow, and Tomorrow","Gabrielle Zevin","0735243344","",""
"Toys","James  Patterson","0316097365","",""
"Transcendent Kingdom","Yaa Gyasi","","OL20760225W","https://openlibrary.org/works/OL20760225W"
"Triangle: The Fire That Changed America","David von Drehle","","",""
"Truly Unfortunate","C.A. King","1988301610","",""
"Truly, Devious","Maureen Johnson","","OL18013978W","https://openlibrary.org/works/OL18013978W"
"Tuck Everlasting","Natalie Babbitt","0374480095","",""
"Tuesdays with Morrie: An Old Man, a Young Man, and Life's Greatest Lesson","Mitch Albom","","",""
"Turtles All the Way Down","John Green","0141346019","OL17842319W","https://openlibrary.org/works/OL17842319W"
"Twenty Thousand Leagues Under the Sea","Jules Verne","","OL26674157W","https://openlibrary.org/works/OL26674157W"
"Twice Bitten","Chloe Neill","0451230647","",""
"Twilight","Stephenie Meyer","0316015849","",""
"Tyler Johnson Was Here","Jay Coles","0316440787","OL19734280W","https://openlibrary.org/works/OL19734280W"
"Unbroken: One Woman's Journey to Rebuild a Life Shattered by Violence. A True Story of Survival and Hope","Madeleine Black","1786062763","",""
"Undead and Unappreciated","MaryJanice Davidson","0425204332","",""
"Under a Flaming Sky","Daniel James Brown","","OL278362W","https://openlibrary.org/works/OL278362W"
"Unfu*k Yourself: Get Out of Your Head and Into Your Life","Gary John Bishop","","OL19657000W","https://openlibrary.org/works/OL19657000W"
"Unruly: The Ridiculous History of England's Kings and Queens","David   Mitchell","0593728491","",""
"Unspeakable Things","Jess Lourey","","OL21229733W","https://openlibrary.org/works/OL21229733W"
"Unstoppable: A 90-Day Plan to Biohack Your Mind and Body for Success","Ben Angel","1613083904","",""
"Until the End of the World","Sarah Lyons Fleming","1491054492","",""
"Untitled","Leigh Bardugo","","",""
"Upside Down in a Laura Ingalls Town","Leslie Tall Manning","0996130659","",""
"Veil of Shadows","Diana Marik","0991287509","OL24384806W","https://openlibrary.org/works/OL24384806W"
"Velocity","Abigail Boyd","","",""
"Venom","Jennifer Estep","1439148015","",""
"Vision in Silver","Anne Bishop","","OL19995227W","https://openlibrary.org/works/OL19995227W"
"Voices from Chernobyl: The Oral History of a Nuclear Disaster","Svetlana Alexievich","0312425848","",""
"Walk On: The Spiritual Journey Of U2","Steve  Stockman","0976035758","",""
"Warm Souls","Andre Gonzalez","1732776245","",""
"Warrior: The Moondark Saga","Don McQuinn","","",""
"We Are Never Meeting in Real Life.","Samantha Irby","1101912197","",""
"We Come Apart","Sarah Crossan","1408878879","OL21307932W","https://openlibrary.org/works/OL21307932W"
"We Had to Remove This Post","Hanna Bervoets","0358622360","",""
"We Need to Talk About Kevin","Lionel Shriver","","OL3359138W","https://openlibrary.org/works/OL3359138W"
"We Used to Live Here","Marcus Kliewer","1982198788","",""
"Wealth of Time","Andre Gonzalez","1732776229","OL20512649W","https://openlibrary.org/works/OL20512649W"
"Web of Lies","Jennifer Estep","","OL15165984W","https://openlibrary.org/works/OL15165984W"
"Weekends at Bellevue: Nine Years on the Night Shift at the Psych E.R.","Julie Holland","0553807668","OL24245086W","https://openlibrary.org/works/OL24245086W"
"West Cork","Sam Bungey","","",""
"What Alice Forgot","Liane Moriarty","0141043768","",""
"What Have You Done","Matthew Farrell","1503955656","OL21720547W","https://openlibrary.org/works/OL21720547W"
"What Next?: The Millennial's Guide to Surviving and Thriving in the Real World","Michael  Price","","",""
"When I Was You","Minka Kent","","OL20728357W","https://openlibrary.org/works/OL20728357W"
"When We Believed in Mermaids","Barbara O'Neal","1542004519","OL20778954W","https://openlibrary.org/works/OL20778954W"
"When We Let Go","Rochelle B. Weinstein","1662501021","OL27742778W","https://openlibrary.org/works/OL27742778W"
"When You Find My Body: The Disappearance of Geraldine Largay on the Appalachian Trail","D. Dauphinee","1608936902","",""
"When the Moon Hatched","Sarah A. Parker","","OL38010057W","https://openlibrary.org/works/OL38010057W"
"Where I Left Her","Amber Garza","0778332063","OL24867652W","https://openlibrary.org/works/OL24867652W"
"Where the Forest Meets the Stars","Glendy Vanderah","","OL19096400W","https://openlibrary.org/works/OL19096400W"
"Where the Red Fern Grows","Wilson Rawls","0375806814","",""
"Where the Sidewalk Ends: Poems and Drawings","Shel Silverstein","0060572345","",""
"Where the Wild Things Are","Maurice Sendak","0099408392","",""
"Which Comes First, Cardio or Weights?: Fitness Myths, Training Truths, and Other Surprising Discoveries from the Science of Exercise","Alex  Hutchinson","0062092081","",""
"While You Were Mine","Ann Howard Creel","","OL20488581W","https://openlibrary.org/works/OL20488581W"
"Whims of Fae - The Complete Series","Nissa Leder","","OL30480404W","https://openlibrary.org/works/OL30480404W"
"Whiskey & Charlie","Annabel Smith","","OL26320957W","https://openlibrary.org/works/OL26320957W"
"White Fang","K.A. Applegate","","",""
"White Witch, Black Curse","Kim Harrison","0061138010","",""
"Who She Was","Braylee Parkinson","","OL22627385W","https://openlibrary.org/works/OL22627385W"
"Who Thought This Was a Good Idea?: And Other Questions You Should Have Answers to When You Work in the White House","Alyssa Mastromonaco","1455588229","",""
"Wilder","G.K. DeRosa","","OL21163798W","https://openlibrary.org/works/OL21163798W"
"William Shakespeare's Much Ado About Mean Girls","Ian Doescher","1683691172","OL21200038W","https://openlibrary.org/works/OL21200038W"
"Witcher Series 6 Books Set Collection","David   French","","",""
"Without You, There Is No Us: My Time with the Sons of North Korea's Elite","Suki Kim","0307720659","",""
"Working with Bitches: Identify the Eight Types of Office Mean Girls and Rise Above Workplace Nastiness","Meredith Fuller","0738216585","",""
"World War I: The Definitive Visual History from Sarajevo to Versailles","R.G. Grant","1465419381","",""
"Wreckage","Emily Bleeker","","OL21272676W","https://openlibrary.org/works/OL21272676W"
"Written in Red","Anne Bishop","","OL16809978W","https://openlibrary.org/works/OL16809978W"
"Xenos","Dan Abnett","0743411692","",""
"You","Caroline Kepnes","","OL20168339W","https://openlibrary.org/works/OL20168339W"
"You Are Not Alone","Greer Hendricks","1250202035","",""
"You Know You Want This: "Cat Person" and Other Stories","Kristen Roupenian","","",""
"You Shouldn't Have Come Here","Jeneva Rose","","OL28721364W","https://openlibrary.org/works/OL28721364W"
"You're Next","Gregg Hurwitz","0751542113","OL20948313W","https://openlibrary.org/works/OL20948313W"
"Zealot: The Looming Tower, The Bible, The Quran, The Torah, Science and the Hidden Secrets Before 9/11","Faisal Fahim","1497428130","",""
"Zoey Is Too Drunk for This Dystopia","Jason Pargin","","OL34080132W","https://openlibrary.org/works/OL34080132W"
"Zoey Punches the Future in the Dick","David  Wong","","OL20867701W","https://openlibrary.org/works/OL20867701W"
"the hotel at the corner of bitter and sweet","Jamie Ford","","",""